{
  "radius": 50.0,
  "height": 30.0,
  "DHDIHJCJKLC": [
    {
      "furnitureID": 376152,
      "position": {
        "x": 0.22332764,
        "z": 27.200073
      }
    },
    {
      "furnitureID": 376153,
      "position": {
        "x": 0.22332764,
        "z": 3.2000732
      }
    },
    {
      "furnitureID": 376154,
      "position": {
        "x": 0.22332764,
        "y": 12.0,
        "z": 3.2000732
      }
    }
  ]
}