{
  "radius": 5.0,
  "height": 30.0,
  "furnitureUnits": [
    {
      "furnitureID": 373303,
      "position": {
        "x": 0.712,
        "z": -1.908
      },
      "rotation": {
        "y": 133.38922
      }
    },
    {
      "furnitureID": 373302,
      "position": {
        "x": -1.198,
        "z": 0.944
      },
      "rotation": {
        "x": -3.9750563E-07,
        "y": 99.13248,
        "z": 2.4727315E-06
      }
    },
    {
      "furnitureID": 373301,
      "position": {
        "x": -0.931,
        "z": -1.455
      },
      "rotation": {
        "x": 6.6026946E-06,
        "y": 44.98188,
        "z": 6.598519E-06
      }
    },
    {
      "furnitureID": 373302,
      "position": {
        "x": 0.491,
        "z": 2.255
      },
      "rotation": {
        "x": -2.4758929E-06,
        "y": 188.66502,
        "z": -3.7731843E-07
      }
    }
  ]
}