{
  "sceneId": 50015,
  "bornPosList": [
    {
      "id": 1,
      "configId": 20032,
      "pos": {
        "x": -30.49997,
        "y": 4.799999,
        "z": -109.88567
      },
      "rot": {
        "y": 258.8626
      },
      "groupId": 250015016,
      "suiteIdList": [
        1
      ]
    }
  ]
}