{
  "sceneId": 20023,
  "bornPosList": [
    {
      "id": 1,
      "configId": 10209,
      "pos": {
        "x": 232.5695,
        "y": 26.88845,
        "z": 53.93221
      },
      "rot": {
        "y": 185.1629
      },
      "groupId": 220023016,
      "suiteIdList": [
        1
      ]
    }
  ]
}