{
  "sceneId": 20000,
  "bornPosList": [
    {
      "id": 1,
      "configId": 20005,
      "pos": {
        "x": 101.42185,
        "y": 0.53999996,
        "z": 322.09167
      },
      "rot": {
        "y": 201.53123
      },
      "groupId": 220000066,
      "suiteIdList": [
        1
      ]
    }
  ]
}