{
  "sceneId": 1011,
  "bornPosList": [
    {
      "id": 1,
      "configId": 20024,
      "pos": {
        "x": -175.6925,
        "y": 0.79999995,
        "z": -159.48462
      },
      "groupId": 201011056,
      "suiteIdList": [
        1
      ]
    }
  ]
}