{
  "sceneId": 1018,
  "bornPosList": [
    {
      "id": 1,
      "configId": 1513,
      "roomId": 1,
      "pos": {
        "x": 4.738856,
        "y": 0.0067378283,
        "z": -11.114105
      },
      "rot": {
        "y": 270.0
      },
      "groupId": 201018901,
      "suiteIdList": [
        1
      ]
    },
    {
      "id": 2,
      "configId": 1514,
      "roomId": 1,
      "pos": {
        "x": 7.1000533,
        "y": 1.0358738,
        "z": -5.4512625
      },
      "rot": {
        "y": 270.0
      },
      "groupId": 201018901,
      "suiteIdList": [
        1
      ]
    }
  ]
}