{
  "sceneId": 1009,
  "bornPosList": [
    {
      "id": 1,
      "configId": 1248,
      "roomId": 1,
      "pos": {
        "x": -4.021287,
        "y": 2.408493,
        "z": -8.86637
      },
      "groupId": 201009003,
      "suiteIdList": [
        1
      ]
    }
  ]
}