{
  "sceneId": 30001,
  "bornPosList": [
    {
      "id": 1,
      "configId": 86,
      "pos": {
        "x": -5.656797,
        "y": 0.01653919,
        "z": -9.214149
      },
      "groupId": 230001019,
      "suiteIdList": [
        1
      ]
    }
  ]
}