{
  "radius": 10.0,
  "height": 30.0,
  "furnitureUnits": [
    {
      "furnitureID": 372201,
      "position": {
        "x": -2.04,
        "z": 3.34
      },
      "rotation": {
        "y": 259.24393
      }
    },
    {
      "furnitureID": 372405,
      "position": {
        "x": -2.09,
        "z": -1.616
      },
      "rotation": {
        "y": 78.029236
      }
    },
    {
      "furnitureID": 372301,
      "position": {
        "x": -0.31817627,
        "z": -0.2374878
      }
    },
    {
      "furnitureID": 372405,
      "position": {
        "x": 3.5428467,
        "z": 0.15649414
      },
      "rotation": {
        "y": 318.23575
      }
    }
  ]
}