{
  "radius": 8.0,
  "height": 30.0,
  "furnitureUnits": [
    {
      "furnitureID": 372405,
      "position": {
        "x": -2.07,
        "z": 2.52
      },
      "rotation": {
        "y": 147.41624
      }
    },
    {
      "furnitureID": 373308,
      "position": {
        "x": 2.2883723,
        "z": 0.98734033
      },
      "rotation": {
        "y": 332.9895
      }
    },
    {
      "furnitureID": 372301,
      "position": {
        "x": -0.35162786,
        "z": 0.2373403
      }
    },
    {
      "furnitureID": 372405,
      "position": {
        "x": 1.5397905,
        "z": -2.4488316
      },
      "rotation": {
        "y": 175.0379
      }
    }
  ]
}