{
  "sceneId": 42010,
  "polygons": [
    {
      "localPolygonId": 1,
      "yMax": 34.71849,
      "yMin": -5.326741,
      "vertices": [
        {
          "x": 64.73614,
          "y": 14.707393,
          "z": -30.74853
        },
        {
          "x": 60.1448,
          "y": 14.673259,
          "z": -31.689003
        },
        {
          "x": 63.18415,
          "y": 14.71849,
          "z": -35.28215
        }
      ]
    }
  ]
}