{
  "sceneId": 42012,
  "polygons": [
    {
      "localPolygonId": 1,
      "yMax": 14.104122,
      "yMin": -25.908234,
      "vertices": [
        {
          "x": 127.06685,
          "y": -5.90451,
          "z": -36.96629
        },
        {
          "x": 125.56829,
          "y": -5.9082336,
          "z": -33.492546
        },
        {
          "x": 124.17011,
          "y": -5.8958783,
          "z": -35.539776
        }
      ]
    }
  ]
}