{
  "sceneId": 20115,
  "polygons": [
    {
      "localPolygonId": 1,
      "yMax": 80.0,
      "yMin": -60.0,
      "vertices": [
        {
          "x": 20.29795,
          "y": -56.27106,
          "z": -17.178326
        },
        {
          "x": -20.3459,
          "y": -56.271046,
          "z": -17.299198
        },
        {
          "x": -20.22437,
          "y": -55.49816,
          "z": 23.282791
        },
        {
          "x": 20.257792,
          "y": -55.498165,
          "z": 23.337946
        }
      ]
    }
  ]
}