{
  "sceneId": 42002,
  "polygons": [
    {
      "localPolygonId": 1,
      "yMax": 15.933006,
      "yMin": -24.093258,
      "vertices": [
        {
          "x": 12.049957,
          "y": -4.0738616,
          "z": -35.47614
        },
        {
          "x": 13.016145,
          "y": -4.0932574,
          "z": -38.43032
        },
        {
          "x": 16.07107,
          "y": -4.088108,
          "z": -37.185196
        },
        {
          "x": 15.070099,
          "y": -4.066994,
          "z": -34.10829
        }
      ]
    }
  ]
}