{
  "sceneId": 42005,
  "polygons": [
    {
      "localPolygonId": 1,
      "yMax": 15.083427,
      "yMin": -25.665413,
      "vertices": [
        {
          "x": 102.42693,
          "y": -5.479424,
          "z": -0.5602331
        },
        {
          "x": 105.44214,
          "y": -5.665414,
          "z": 0.6744256
        },
        {
          "x": 104.05296,
          "y": -4.916572,
          "z": 3.5654855
        }
      ]
    }
  ]
}