{
  "sceneId": 42013,
  "polygons": [
    {
      "localPolygonId": 1,
      "yMax": 43.695736,
      "yMin": -7.4158115,
      "vertices": [
        {
          "x": 159.04582,
          "y": 23.695736,
          "z": -54.459774
        },
        {
          "x": 157.52965,
          "y": 18.782211,
          "z": -56.495438
        },
        {
          "x": 156.19727,
          "y": 12.584188,
          "z": -52.357105
        }
      ]
    }
  ]
}