{
  "sceneId": 1006,
  "polygons": [
    {
      "localPolygonId": 1,
      "yMax": 100.0,
      "vertices": [
        {
          "x": 151.59892,
          "y": 59.908344,
          "z": -39.45162
        },
        {
          "x": 186.07114,
          "y": 62.50805,
          "z": -41.24697
        },
        {
          "x": 187.57037,
          "y": 60.450825,
          "z": -4.8158627
        },
        {
          "x": 151.2691,
          "y": 60.69882,
          "z": -4.0055237
        }
      ]
    }
  ]
}