{
  "sceneId": 45011,
  "polygons": [
    {
      "localPolygonId": 1,
      "yMax": 14.107609,
      "yMin": -25.909672,
      "vertices": [
        {
          "x": 126.04443,
          "y": -5.8923907,
          "z": -39.094475
        },
        {
          "x": 126.68463,
          "y": -5.8985124,
          "z": -34.562233
        },
        {
          "x": 122.83925,
          "y": -5.9096727,
          "z": -36.939243
        }
      ]
    }
  ]
}