{
  "sceneId": 20114,
  "polygons": [
    {
      "localPolygonId": 1,
      "yMax": 80.0,
      "yMin": -60.0,
      "vertices": [
        {
          "x": 20.3486,
          "y": -56.27106,
          "z": -17.140976
        },
        {
          "x": -20.184118,
          "y": -56.271046,
          "z": -17.103954
        },
        {
          "x": -20.222443,
          "y": -55.49816,
          "z": 23.31568
        },
        {
          "x": 20.249508,
          "y": -55.498165,
          "z": 23.264591
        }
      ]
    }
  ]
}