{
  "sceneId": 42008,
  "polygons": [
    {
      "localPolygonId": 1,
      "yMax": 18.220577,
      "yMin": -33.869415,
      "vertices": [
        {
          "x": 107.3287,
          "y": -1.7794218,
          "z": -18.743275
        },
        {
          "x": 109.61085,
          "y": -9.201746,
          "z": -14.06827
        },
        {
          "x": 110.751076,
          "y": -7.551325,
          "z": -18.669613
        }
      ]
    }
  ]
}