{
  "sceneId": 50053,
  "polygons": [
    {
      "localPolygonId": 1,
      "yMax": 80.0,
      "yMin": -30.0,
      "vertices": [
        {
          "x": 18.351818,
          "y": 0.22427809,
          "z": -15.065203
        },
        {
          "x": -18.354458,
          "y": 0.2331444,
          "z": -15.112368
        },
        {
          "x": -18.379349,
          "y": 0.20645082,
          "z": 21.73749
        },
        {
          "x": 18.295242,
          "y": 0.20645607,
          "z": 21.724424
        }
      ]
    }
  ]
}