{
  "sceneId": 42006,
  "polygons": [
    {
      "localPolygonId": 1,
      "yMax": 15.637139,
      "yMin": -27.854588,
      "vertices": [
        {
          "x": 34.07737,
          "y": -6.1047096,
          "z": -93.1111
        },
        {
          "x": 32.052006,
          "y": -4.3628607,
          "z": -91.31017
        },
        {
          "x": 28.260948,
          "y": -4.869631,
          "z": -91.422226
        },
        {
          "x": 29.883299,
          "y": -7.8545876,
          "z": -93.86104
        }
      ]
    }
  ]
}