{
  "sceneId": 20101,
  "bornPosList": [
    {
      "id": 1,
      "configId": 10335,
      "pos": {
        "x": 14.40001,
        "y": -15.30273,
        "z": 39.04626
      },
      "rot": {
        "y": 206.98
      },
      "groupId": 220101002,
      "suiteIdList": [
        1
      ]
    },
    {
      "id": 2,
      "configId": 10336,
      "pos": {
        "x": -18.65267,
        "y": -15.30273,
        "z": 34.13312
      },
      "rot": {
        "y": 239.38998
      },
      "groupId": 220101002,
      "suiteIdList": [
        1
      ]
    },
    {
      "id": 3,
      "configId": 10337,
      "pos": {
        "x": 8.915006,
        "y": -15.36811,
        "z": -42.09935
      },
      "groupId": 220101002,
      "suiteIdList": [
        1
      ]
    },
    {
      "id": 4,
      "configId": 10338,
      "pos": {
        "x": -24.71878,
        "y": -17.37074,
        "z": 0.3834873
      },
      "groupId": 220101002,
      "suiteIdList": [
        1
      ]
    }
  ]
}