{
  "crowdSpawnInfos": [
    {
      "crowdTypeID": 134,
      "spawnPosition": {
        "x": -3146.899,
        "y": 252.472,
        "z": -4486.062
      },
      "spawnFaceFwd": {
        "x": 0.77052784,
        "z": -0.63740635
      },
      "hairColor": {
        "r": 0.25882354,
        "g": 0.25882354,
        "b": 0.25882354,
        "a": 1.0
      },
      "bodyColors": [
        {
          "r": 1.0,
          "g": 1.0,
          "b": 1.0,
          "a": 1.0
        },
        {
          "r": 1.0,
          "g": 1.0,
          "b": 1.0,
          "a": 1.0
        },
        {
          "r": 1.0,
          "g": 1.0,
          "b": 1.0,
          "a": 1.0
        },
        {
          "r": 1.0,
          "g": 1.0,
          "b": 1.0,
          "a": 1.0
        }
      ],
      "IDFEMBBMFDG": 150010
    }
  ]
}