{
  "crowdSpawnInfos": [
    {
      "crowdTypeID": 134,
      "spawnPosition": {
        "x": -3251.282,
        "y": 266.4484,
        "z": -4470.715
      },
      "spawnFaceFwd": {
        "x": 0.49214557,
        "z": -0.8705131
      },
      "hairColor": {
        "r": 0.2901961,
        "g": 0.31764707,
        "b": 0.3529412,
        "a": 1.0
      },
      "bodyColors": [
        {
          "r": 1.0,
          "g": 1.0,
          "b": 1.0,
          "a": 1.0
        },
        {
          "r": 1.0,
          "g": 1.0,
          "b": 1.0,
          "a": 1.0
        },
        {
          "r": 1.0,
          "g": 1.0,
          "b": 1.0,
          "a": 1.0
        },
        {
          "r": 1.0,
          "g": 1.0,
          "b": 1.0,
          "a": 1.0
        }
      ],
      "IDFEMBBMFDG": 100001
    }
  ]
}