{
  "crowdSpawnInfos": [
    {
      "crowdTypeID": 160,
      "spawnPosition": {
        "x": -3030.683,
        "y": 213.3453,
        "z": -4324.875
      },
      "spawnFaceFwd": {
        "x": -0.9723415,
        "z": 0.23356372
      },
      "hairColor": {
        "r": 0.32156864,
        "g": 0.21568628,
        "b": 0.18039216,
        "a": 1.0
      },
      "bodyColors": [
        {
          "r": 0.90588236,
          "g": 0.7882353,
          "b": 0.73333335,
          "a": 1.0
        },
        {
          "r": 0.4509804,
          "g": 0.38431373,
          "b": 0.34117648,
          "a": 1.0
        },
        {
          "r": 0.23921569,
          "g": 0.25490198,
          "b": 0.32941177,
          "a": 1.0
        },
        {
          "r": 0.4117647,
          "g": 0.40392157,
          "b": 0.42745098,
          "a": 1.0
        }
      ],
      "IDFEMBBMFDG": 160001
    }
  ]
}