{
  "sceneId": 1035,
  "bornPosList": [
    {
      "id": 100001405,
      "configId": 2147,
      "roomId": 1,
      "pos": {
        "x": -1.785533,
        "y": 4.394481E-07,
        "z": -4.011001
      },
      "rot": {
        "y": 129.9974
      }
    },
    {
      "id": 100001406,
      "configId": 2063,
      "roomId": 1,
      "pos": {
        "x": 4.190519,
        "y": 0.007068532,
        "z": 2.253744
      },
      "rot": {
        "y": 202.5367
      }
    }
  ]
}