{
  "sceneId": 45012,
  "polygons": [
    {
      "localPolygonId": 1,
      "yMax": 27.403572,
      "yMin": -15.64407,
      "vertices": [
        {
          "x": 69.36287,
          "y": 7.403572,
          "z": 9.475545
        },
        {
          "x": 67.95261,
          "y": 5.1866283,
          "z": 13.281566
        },
        {
          "x": 65.35387,
          "y": 4.3559303,
          "z": 10.321713
        }
      ]
    }
  ]
}