{
  "sceneId": 42009,
  "polygons": [
    {
      "localPolygonId": 1,
      "yMax": 31.41,
      "yMin": -8.59,
      "vertices": [
        {
          "x": 59.54285,
          "y": 11.41,
          "z": -2.3553462
        },
        {
          "x": 59.237507,
          "y": 11.41,
          "z": -4.6532593
        },
        {
          "x": 61.001247,
          "y": 11.41,
          "z": -3.6765766
        }
      ]
    }
  ]
}