{
  "sceneId": 44001,
  "polygons": [
    {
      "localPolygonId": 1,
      "yMax": 83.27324,
      "yMin": 40.498104,
      "vertices": [
        {
          "x": 184.34415,
          "y": 63.143288,
          "z": -37.757324
        },
        {
          "x": 151.7391,
          "y": 60.632156,
          "z": -38.78145
        },
        {
          "x": 151.99971,
          "y": 60.498104,
          "z": -3.4162197
        },
        {
          "x": 184.79753,
          "y": 63.27324,
          "z": -5.589516
        }
      ]
    }
  ]
}