{
  "sceneId": 5,
  "polygons": [
    {
      "localPolygonId": 500800001,
      "yMax": 360.0,
      "yMin": 150.0,
      "vertices": [
        {
          "x": -116.27256,
          "y": 239.35146,
          "z": 152.15953
        },
        {
          "x": -99.344826,
          "y": 239.07736,
          "z": 150.9669
        },
        {
          "x": -99.17639,
          "y": 237.09848,
          "z": 172.38719
        },
        {
          "x": -112.21558,
          "y": 238.05289,
          "z": 172.68623
        }
      ]
    }
  ]
}