{
  "minArea": {
    "x": -487.08313,
    "z": 165.62169
  },
  "maxArea": {
    "x": -477.72128,
    "z": 182.41562
  },
  "roadPoints": [
    {
      "x": -487.08313,
      "y": 200.0,
      "z": 165.62169
    },
    {
      "x": -485.2799,
      "y": 202.57655,
      "z": 165.73964
    },
    {
      "x": -477.72128,
      "y": 202.99992,
      "z": 181.87291
    },
    {
      "x": -479.3388,
      "y": 205.54308,
      "z": 182.41562
    }
  ]
}