{
  "sceneId": 1060,
  "bornPosList": [
    {
      "id": 100008525,
      "configId": 3011,
      "roomId": 1,
      "pos": {
        "x": -1.303617,
        "y": -0.0670008,
        "z": 9.09123
      },
      "rot": {
        "y": 108.0923
      }
    },
    {
      "id": 100012468,
      "configId": 3009,
      "roomId": 1,
      "pos": {
        "x": 11.04576,
        "y": 0.935998,
        "z": -1.103012
      }
    },
    {
      "id": 100012469,
      "configId": 3014,
      "roomId": 1,
      "pos": {
        "x": 4.894051,
        "y": -0.0670008,
        "z": 9.136953
      }
    }
  ]
}