{
  "sceneId": 1066,
  "bornPosList": [
    {
      "id": 100014324,
      "configId": 3007,
      "roomId": 1,
      "pos": {
        "x": -4.084319,
        "y": 4.863734E-08,
        "z": 0.227577
      }
    },
    {
      "id": 100014325,
      "configId": 3008,
      "roomId": 1,
      "pos": {
        "x": 3.334611,
        "y": -5.857425E-08,
        "z": 1.102337
      }
    }
  ]
}