{
  "sceneId": 1033,
  "bornPosList": [
    {
      "id": 100000097,
      "configId": 2145,
      "roomId": 1,
      "pos": {
        "x": 0.01918459,
        "y": 0.3337298,
        "z": -11.99018
      }
    },
    {
      "id": 100000098,
      "configId": 2144,
      "roomId": 1,
      "pos": {
        "x": -4.783115,
        "y": 0.05818732,
        "z": 2.773175
      },
      "rot": {
        "y": 166.7379
      }
    },
    {
      "id": 100000099,
      "configId": 2067,
      "roomId": 1,
      "pos": {
        "x": 5.044723,
        "y": 0.05818804,
        "z": -5.648746
      },
      "rot": {
        "y": 271.9103
      }
    }
  ]
}