{
  "sceneId": 1004,
  "bornPosList": [
    {
      "id": 100000011,
      "configId": 1648,
      "roomId": 1,
      "pos": {
        "x": -8.663927,
        "y": -7.100837E-06,
        "z": 5.591424
      },
      "rot": {
        "y": 87.10298
      }
    },
    {
      "id": 100000012,
      "configId": 1649,
      "roomId": 1,
      "pos": {
        "x": 8.741594,
        "y": -4.215927E-06,
        "z": -9.510653
      },
      "rot": {
        "y": 271.4558
      }
    },
    {
      "id": 100002144,
      "configId": 1565,
      "roomId": 100401,
      "pos": {
        "x": -31.78387,
        "y": -5.0,
        "z": -13.97268
      },
      "rot": {
        "y": 179.9814
      }
    },
    {
      "id": 100003018,
      "configId": 1642,
      "roomId": 100401,
      "pos": {
        "x": -14.87958,
        "y": -5.999999,
        "z": -19.67555
      },
      "rot": {
        "y": 183.1996
      }
    }
  ]
}