{
  "sceneId": 1034,
  "bornPosList": [
    {
      "id": 100000100,
      "configId": 2146,
      "roomId": 1,
      "pos": {
        "x": 0.0012521,
        "y": -6.864871E-07,
        "z": -3.674382
      },
      "rot": {
        "y": 179.5382
      }
    },
    {
      "id": 100000101,
      "configId": 2063,
      "roomId": 1,
      "pos": {
        "x": -0.2167442,
        "y": 0.01323851,
        "z": 4.352034
      },
      "rot": {
        "y": 178.6167
      }
    }
  ]
}