{
  "minArea": {
    "x": 2211.584,
    "z": -1813.4624
  },
  "maxArea": {
    "x": 2226.117,
    "z": -1799.102
  },
  "roadPoints": [
    {
      "x": 2220.6406,
      "y": 194.6,
      "z": -1812.3724
    },
    {
      "x": 2211.584,
      "y": 202.32329,
      "z": -1800.8251
    },
    {
      "x": 2217.594,
      "y": 204.07356,
      "z": -1799.102
    },
    {
      "x": 2226.117,
      "y": 203.10672,
      "z": -1813.4624
    }
  ]
}