{
  "sceneId": 1064,
  "bornPosList": [
    {
      "id": 100014323,
      "configId": 3057,
      "roomId": 1,
      "pos": {
        "x": 0.08817244,
        "y": 0.09673109,
        "z": -3.827112
      }
    }
  ]
}