{
  "radius": 8.0,
  "height": 30.0,
  "furnitureUnits": [
    {
      "furnitureID": 371201,
      "position": {
        "x": -0.1,
        "z": -2.08
      },
      "rotation": {
        "y": 1.7075471E-06
      }
    },
    {
      "furnitureID": 373310,
      "position": {
        "x": 3.0882568,
        "z": 0.80200195
      },
      "rotation": {
        "x": -6.482054E-07,
        "y": -5.1226416E-06,
        "z": 2.4191404E-06
      }
    },
    {
      "furnitureID": 373309,
      "position": {
        "x": -3.0872498,
        "z": 0.729187
      },
      "rotation": {
        "x": -6.4820466E-07,
        "y": -2.90283E-05,
        "z": 2.4191409E-06
      }
    }
  ]
}