{
  "radius": 8.0,
  "height": 30.0,
  "furnitureUnits": [
    {
      "furnitureID": 370305,
      "position": {
        "x": -5.27,
        "z": -1.62
      },
      "rotation": {
        "x": 2.7303898E-07,
        "y": 83.741165,
        "z": 2.4895508E-06
      }
    },
    {
      "furnitureID": 370303,
      "position": {
        "x": -0.24422091,
        "z": -4.4271264
      },
      "rotation": {
        "x": 8.973704E-06,
        "y": 15.9856415,
        "z": 2.5707345E-06
      }
    },
    {
      "furnitureID": 373108,
      "position": {
        "x": 3.9900088,
        "z": -4.0299854
      },
      "rotation": {
        "x": 9.334668E-06
      }
    },
    {
      "furnitureID": 370309,
      "position": {
        "x": -1.4642222,
        "z": 5.232908
      }
    }
  ]
}