{
  "radius": 5.0,
  "height": 30.0,
  "furnitureUnits": [
    {
      "furnitureID": 362106,
      "position": {
        "x": -1.193,
        "y": 0.422,
        "z": 1.511
      }
    },
    {
      "furnitureID": 362303,
      "position": {
        "x": -1.03,
        "y": 0.37,
        "z": 1.98
      }
    },
    {
      "furnitureID": 362106,
      "position": {
        "x": -1.835,
        "y": 0.42199707,
        "z": 1.497
      }
    },
    {
      "furnitureID": 362106,
      "position": {
        "x": -0.424,
        "y": 0.42199707,
        "z": 1.4970093
      }
    }
  ]
}