{
  "sceneId": 40050,
  "bornPosList": [
    {
      "id": 1,
      "configId": 20519,
      "pos": {
        "x": 23.9878,
        "y": 56.73554,
        "z": -81.72456
      },
      "groupId": 240050007,
      "suiteIdList": [
        1
      ]
    }
  ]
}