{
  "sceneId": 1004,
  "bornPosList": [
    {
      "id": 1,
      "configId": 20218,
      "roomId": 1,
      "pos": {
        "x": -28.70658,
        "y": -3.890876,
        "z": -4.059018
      },
      "groupId": 201004005,
      "suiteIdList": [
        2
      ]
    },
    {
      "id": 2,
      "configId": 30057,
      "roomId": 1,
      "pos": {
        "x": 21.03069,
        "y": 0.009999791,
        "z": 6.23189
      },
      "rot": {
        "y": 249.0862
      },
      "groupId": 201004008,
      "suiteIdList": [
        2
      ]
    },
    {
      "id": 3,
      "configId": 30059,
      "roomId": 1,
      "pos": {
        "x": 18.84966,
        "y": 0.009999501,
        "z": 7.550595
      },
      "rot": {
        "y": 280.2944
      },
      "groupId": 201004008,
      "suiteIdList": [
        3
      ]
    },
    {
      "id": 4,
      "configId": 1249,
      "roomId": 1,
      "pos": {
        "x": -20.56161,
        "y": 1.09675,
        "z": 15.92757
      },
      "rot": {
        "y": 180.0
      },
      "groupId": 201004903,
      "suiteIdList": [
        1
      ]
    }
  ]
}