{
  "radius": 80.0,
  "height": 30.0,
  "DHDIHJCJKLC": [
    {
      "furnitureID": 376102,
      "position": {
        "x": 9.218567,
        "z": 0.07348633
      }
    },
    {
      "furnitureID": 376103,
      "position": {
        "x": -9.082123,
        "z": -0.09020996
      }
    }
  ]
}