{
  "sceneId": 45010,
  "polygons": [
    {
      "localPolygonId": 1,
      "yMax": 25.823238,
      "yMin": -23.887383,
      "vertices": [
        {
          "x": 2.2723987,
          "y": 5.8232374,
          "z": -92.6716
        },
        {
          "x": 0.89167523,
          "y": 1.070735,
          "z": -92.6716
        },
        {
          "x": 2.7854319,
          "y": -3.8873835,
          "z": -89.66851
        }
      ]
    }
  ]
}