{
  "sceneId": 42004,
  "polygons": [
    {
      "localPolygonId": 1,
      "yMax": 29.04441,
      "yMin": -10.958759,
      "vertices": [
        {
          "x": -5.0103083,
          "y": 9.041241,
          "z": -54.40845
        },
        {
          "x": -2.7945788,
          "y": 9.044411,
          "z": -48.71957
        },
        {
          "x": -8.032289,
          "y": 9.041745,
          "z": -48.238403
        }
      ]
    }
  ]
}