{
  "sceneId": 42003,
  "polygons": [
    {
      "localPolygonId": 1,
      "yMax": 27.131874,
      "yMin": -12.886826,
      "vertices": [
        {
          "x": 141.44125,
          "y": 7.131874,
          "z": -35.573784
        },
        {
          "x": 143.33986,
          "y": 7.118935,
          "z": -38.073326
        },
        {
          "x": 145.41133,
          "y": 7.1131744,
          "z": -35.622177
        }
      ]
    }
  ]
}