{
  "minArea": {
    "x": -3641.687,
    "z": -819.8438
  },
  "maxArea": {
    "x": -3630.6038,
    "z": -815.6284
  },
  "roadPoints": [
    {
      "x": -3641.687,
      "y": 112.31999,
      "z": -815.6284
    },
    {
      "x": -3641.2983,
      "y": 112.31999,
      "z": -819.8438
    },
    {
      "x": -3630.6038,
      "y": 112.32001,
      "z": -819.1094
    },
    {
      "x": -3630.7114,
      "y": 112.31999,
      "z": -815.75995
    }
  ]
}