{
  "minArea": {
    "x": -609.98834,
    "z": 1112.1895
  },
  "maxArea": {
    "x": -596.8503,
    "z": 1128.7151
  },
  "roadPoints": [
    {
      "x": -603.9516,
      "y": 166.08855,
      "z": 1128.7151
    },
    {
      "x": -609.98834,
      "y": 165.64185,
      "z": 1126.8801
    },
    {
      "x": -603.711,
      "y": 166.05858,
      "z": 1112.1895
    },
    {
      "x": -596.8503,
      "y": 166.28006,
      "z": 1114.9493
    }
  ]
}