{
  "crowdSpawnInfos": [
    {
      "crowdTypeID": 63,
      "animConfigID": 6,
      "spawnPosition": {
        "x": -653.9094,
        "y": 221.6149,
        "z": 245.5292
      },
      "spawnFaceFwd": {
        "x": 0.023469115,
        "z": -0.9997246
      },
      "hairColor": {
        "r": 0.2901961,
        "g": 0.31764707,
        "b": 0.3529412,
        "a": 1.0
      },
      "bodyColors": [
        {
          "r": 0.90588236,
          "g": 0.7882353,
          "b": 0.73333335,
          "a": 1.0
        },
        {
          "r": 0.23921569,
          "g": 0.26666668,
          "b": 0.29411766,
          "a": 1.0
        },
        {
          "r": 0.75686276,
          "g": 0.75686276,
          "b": 0.7254902,
          "a": 1.0
        },
        {
          "r": 0.47843137,
          "g": 0.44705883,
          "b": 0.39607844,
          "a": 1.0
        }
      ]
    }
  ]
}