{
  "crowdSpawnInfos": [
    {
      "crowdTypeID": 15,
      "animConfigID": 1,
      "spawnPosition": {
        "x": -453.8893,
        "y": 209.1532,
        "z": 354.9119
      },
      "spawnFaceFwd": {
        "x": -0.26713243,
        "z": -0.96365964
      },
      "hairColor": {
        "r": 0.13725491,
        "g": 0.13725491,
        "b": 0.13725491,
        "a": 1.0
      },
      "bodyColors": [
        {
          "r": 1.0,
          "g": 1.0,
          "b": 1.0,
          "a": 1.0
        }
      ]
    },
    {
      "crowdTypeID": 16,
      "spawnPosition": {
        "x": -454.3393,
        "y": 209.1532,
        "z": 354.0655
      },
      "spawnFaceFwd": {
        "x": 0.6216401,
        "z": 0.783303
      },
      "hairColor": {
        "r": 0.23529412,
        "g": 0.21568628,
        "b": 0.23137255,
        "a": 1.0
      },
      "bodyColors": [
        {
          "r": 1.0,
          "g": 1.0,
          "b": 1.0,
          "a": 1.0
        }
      ]
    },
    {
      "crowdTypeID": 20,
      "animConfigID": 1,
      "spawnPosition": {
        "x": -565.0946,
        "y": 210.0222,
        "z": 296.3786
      },
      "spawnFaceFwd": {
        "x": 0.7099444,
        "z": -0.7042576
      },
      "hairColor": {
        "r": 0.3764706,
        "g": 0.24313726,
        "b": 0.17254902,
        "a": 1.0
      },
      "bodyColors": [
        {
          "r": 1.0,
          "g": 1.0,
          "b": 1.0,
          "a": 1.0
        }
      ]
    },
    {
      "crowdTypeID": 21,
      "animConfigID": 7,
      "spawnPosition": {
        "x": -564.6009,
        "y": 210.0222,
        "z": 295.7353
      },
      "spawnFaceFwd": {
        "x": -0.7033367,
        "z": 0.71085685
      },
      "hairColor": {
        "r": 0.13725491,
        "g": 0.13725491,
        "b": 0.13725491,
        "a": 1.0
      },
      "bodyColors": [
        {
          "r": 1.0,
          "g": 1.0,
          "b": 1.0,
          "a": 1.0
        }
      ]
    }
  ]
}