{
  "crowdSpawnInfos": [
    {
      "crowdTypeID": 85,
      "spawnPosition": {
        "x": -630.2518,
        "y": 209.7969,
        "z": -154.8498
      },
      "spawnFaceFwd": {
        "x": -0.9735869,
        "z": 0.2283169
      },
      "hairColor": {
        "r": 0.2901961,
        "g": 0.31764707,
        "b": 0.3529412,
        "a": 1.0
      },
      "bodyColors": [
        {
          "r": 0.93333334,
          "g": 0.8666667,
          "b": 0.84313726,
          "a": 1.0
        },
        {
          "r": 0.23921569,
          "g": 0.26666668,
          "b": 0.29411766,
          "a": 1.0
        },
        {
          "r": 0.47843137,
          "g": 0.44705883,
          "b": 0.39607844,
          "a": 1.0
        },
        {
          "r": 0.23921569,
          "g": 0.26666668,
          "b": 0.29411766,
          "a": 1.0
        }
      ]
    }
  ]
}