{
  "crowdSpawnInfos": [
    {
      "crowdTypeID": 22,
      "spawnPosition": {
        "x": -645.2365,
        "y": 219.5472,
        "z": 259.783
      },
      "spawnFaceFwd": {
        "x": 0.6733893,
        "z": 0.73928803
      },
      "hairColor": {
        "r": 0.13725491,
        "g": 0.13725491,
        "b": 0.13725491,
        "a": 1.0
      },
      "bodyColors": [
        {
          "r": 1.0,
          "g": 1.0,
          "b": 1.0,
          "a": 1.0
        }
      ]
    },
    {
      "crowdTypeID": 22,
      "animConfigID": 1,
      "spawnPosition": {
        "x": -643.6695,
        "y": 219.5469,
        "z": 259.763
      },
      "spawnFaceFwd": {
        "x": -0.7611572,
        "z": 0.64856744
      },
      "hairColor": {
        "r": 0.23529412,
        "g": 0.21568628,
        "b": 0.23137255,
        "a": 1.0
      },
      "bodyColors": [
        {
          "r": 1.0,
          "g": 1.0,
          "b": 1.0,
          "a": 1.0
        }
      ]
    },
    {
      "crowdTypeID": 23,
      "spawnPosition": {
        "x": -644.6323,
        "y": 219.543,
        "z": 260.7713
      },
      "spawnFaceFwd": {
        "x": -0.27836093,
        "z": -0.9604764
      },
      "hairColor": {
        "r": 0.3764706,
        "g": 0.24313726,
        "b": 0.17254902,
        "a": 1.0
      },
      "bodyColors": [
        {
          "r": 1.0,
          "g": 1.0,
          "b": 1.0,
          "a": 1.0
        }
      ]
    }
  ]
}