{
  "crowdSpawnInfos": [
    {
      "crowdTypeID": 91,
      "spawnPosition": {
        "x": -667.5287,
        "y": 219.692,
        "z": 226.9263
      },
      "spawnFaceFwd": {
        "x": -0.9879345,
        "z": 0.15487218
      },
      "hairColor": {
        "r": 0.8392157,
        "g": 0.8392157,
        "b": 0.8392157,
        "a": 1.0
      },
      "bodyColors": [
        {
          "r": 0.90588236,
          "g": 0.7882353,
          "b": 0.73333335,
          "a": 1.0
        },
        {
          "r": 0.41960785,
          "g": 0.41960785,
          "b": 0.4117647,
          "a": 1.0
        },
        {
          "r": 0.3764706,
          "g": 0.28235295,
          "b": 0.28235295,
          "a": 1.0
        },
        {
          "r": 0.25490198,
          "g": 0.2627451,
          "b": 0.27058825,
          "a": 1.0
        }
      ]
    }
  ]
}