{
  "crowdSpawnInfos": [
    {
      "crowdTypeID": 63,
      "animConfigID": 1,
      "spawnPosition": {
        "x": -643.5676,
        "y": 221.6149,
        "z": 244.4087
      },
      "spawnFaceFwd": {
        "x": -0.22905575,
        "z": 0.9734133
      },
      "hairColor": {
        "r": 0.2901961,
        "g": 0.31764707,
        "b": 0.3529412,
        "a": 1.0
      },
      "bodyColors": [
        {
          "r": 0.90588236,
          "g": 0.7882353,
          "b": 0.73333335,
          "a": 1.0
        },
        {
          "r": 0.41960785,
          "g": 0.41960785,
          "b": 0.4117647,
          "a": 1.0
        },
        {
          "r": 0.3764706,
          "g": 0.28235295,
          "b": 0.28235295,
          "a": 1.0
        },
        {
          "r": 0.25490198,
          "g": 0.2627451,
          "b": 0.27058825,
          "a": 1.0
        }
      ]
    }
  ]
}