{
  "crowdSpawnInfos": [
    {
      "crowdTypeID": 20,
      "spawnPosition": {
        "x": -614.0901,
        "y": 251.9611,
        "z": 358.2747
      },
      "spawnFaceFwd": {
        "z": 1.0
      },
      "hairColor": {
        "r": 0.25882354,
        "g": 0.25882354,
        "b": 0.25882354,
        "a": 1.0
      },
      "bodyColors": [
        {
          "r": 1.0,
          "g": 1.0,
          "b": 1.0,
          "a": 1.0
        },
        {
          "r": 1.0,
          "g": 1.0,
          "b": 1.0,
          "a": 1.0
        },
        {
          "r": 1.0,
          "g": 1.0,
          "b": 1.0,
          "a": 1.0
        },
        {
          "r": 1.0,
          "g": 1.0,
          "b": 1.0,
          "a": 1.0
        }
      ]
    }
  ]
}