{
  "minArea": {
    "x": 1022.1448,
    "z": -955.2838
  },
  "maxArea": {
    "x": 1255.5092,
    "z": -612.63666
  },
  "roadPoints": [
    {
      "x": 1225.5063,
      "y": 120.00002,
      "z": -612.63666
    },
    {
      "x": 1024.6642,
      "y": 120.0,
      "z": -633.04565
    },
    {
      "x": 1022.1448,
      "y": 120.0,
      "z": -955.2838
    },
    {
      "x": 1255.5092,
      "y": 120.0,
      "z": -933.9008
    }
  ]
}