{
  "sceneId": 1035,
  "actionPoints": [
    {
      "localId": 1,
      "pos": {
        "x": 3.766532,
        "y": 0.007068546,
        "z": 1.91288
      },
      "rot": {
        "y": 178.0809
      }
    },
    {
      "localId": 2,
      "pos": {
        "x": 0.04175654,
        "y": 6.417651E-07,
        "z": -5.298273
      },
      "rot": {
        "y": 185.6131
      }
    }
  ]
}